<?xml version="1.0" encoding="UTF-8"?>
<beans xmlns="http://www.springframework.org/schema/beans" 
	xmlns:xsi="http://www.w3.org/2001/XMLSchema-instance"
	xmlns:context="http://www.springframework.org/schema/context" 
	xmlns:jdbc="http://www.springframework.org/schema/jdbc"  
	xmlns:jee="http://www.springframework.org/schema/jee" 
	xmlns:tx="http://www.springframework.org/schema/tx"
	xmlns:aop="http://www.springframework.org/schema/aop" 
	xmlns:mvc="http://www.springframework.org/schema/mvc"
	xmlns:util="http://www.springframework.org/schema/util"
	xmlns:jpa="http://www.springframework.org/schema/data/jpa"
	xsi:schemaLocation="
		http://www.springframework.org/schema/beans http://www.springframework.org/schema/beans/spring-beans-3.2.xsd
		http://www.springframework.org/schema/context http://www.springframework.org/schema/context/spring-context-3.2.xsd
		http://www.springframework.org/schema/jdbc http://www.springframework.org/schema/jdbc/spring-jdbc-3.2.xsd
		http://www.springframework.org/schema/jee http://www.springframework.org/schema/jee/spring-jee-3.2.xsd
		http://www.springframework.org/schema/tx http://www.springframework.org/schema/tx/spring-tx-3.2.xsd
		http://www.springframework.org/schema/data/jpa http://www.springframework.org/schema/data/jpa/spring-jpa-1.3.xsd
		http://www.springframework.org/schema/aop http://www.springframework.org/schema/aop/spring-aop-3.2.xsd
		http://www.springframework.org/schema/mvc http://www.springframework.org/schema/mvc/spring-mvc-3.2.xsd
		http://www.springframework.org/schema/util http://www.springframework.org/schema/util/spring-util-3.2.xsd">
		
	<!--默认注解映射的支持 -->
    <mvc:annotation-driven />

    <!--自动扫描目录下所有的类文件 -->
    <context:component-scan base-package="com.yzp.test" />
	<!-- 读取数据库配置文件 -->
	<util:properties id="dbConfig" location="classpath:db.properties" />
	
	<!-- 配置数据源 -->
	<bean id="dataSource" class="org.apache.commons.dbcp.BasicDataSource">
		<property name="url" value="#{dbConfig.url}" />
		<property name="driverClassName" value="#{dbConfig.driver}" />
		<property name="username" value="#{dbConfig.username}" />
		<property name="password" value="#{dbConfig.password}" />
		<property name="initialSize" value="#{dbConfig.initialSize}" />
		<property name="maxActive" value="#{dbConfig.maxActive}" />
	</bean>
	
	<!-- 扫描持久层接口 -->
	<bean class="org.mybatis.spring.mapper.MapperScannerConfigurer">
		<property name="basePackage" value="com.yzp.test"/>
	</bean>
	<!-- SqlSessionFactoryBean -->
	<bean class="org.mybatis.spring.SqlSessionFactoryBean">
		<!-- 数据源 -->
		<property name="dataSource" ref="dataSource"/>
		<!-- XML文件在哪里 -->
		<property name="mapperLocations" value="classpath:mappers/*.xml"/>
	</bean>
	
	
	
</beans>